graph,vertices,edges,threads,seq_colors,seq_time,par_colors,par_conflicts,par_rounds,par_time,speedup,valid
graphs/er_10k.txt,10000,50000,1,9,0.000843,9,0,1,0.000520,1.620,yes
graphs/rmat_10k.txt,10000,50000,1,29,0.000547,29,0,1,0.000394,1.387,yes
graphs/grid_100.txt,10000,19800,1,2,0.000315,2,0,1,0.000073,4.295,yes
graphs/email-enron.txt,36692,183831,1,35,0.002399,35,0,1,0.001089,2.203,yes
graphs/er_100k.txt,100000,500000,1,8,0.014599,8,0,1,0.003539,4.125,yes
graphs/rmat_100k.txt,100000,500000,1,50,0.016023,50,0,1,0.002674,5.993,yes
graphs/grid_100k.txt,99856,199080,1,2,0.013145,2,0,1,0.000669,19.655,yes
graphs/amazon0302.txt,262111,899792,1,8,0.080903,8,0,1,0.008283,9.767,yes
graphs/roadnet-pa.txt,1088092,1541898,1,5,1.123442,5,0,1,0.018326,61.305,yes
